PassengerId,Survived,Age,Fare,Companion,Isalone,Title_Master,Title_Miss,Title_Mr,Title_Mrs,Title_Rare,Pclass_1,Pclass_2,Pclass_3,Sex_female,Sex_male,Embarked_C,Embarked_Q,Embarked_S,rands
6,0,0.35913546117114853,0.01650950209357577,1,1,False,False,True,False,False,False,False,True,False,True,False,True,False,0.15599452033620265
683,0,0.24604171902488062,0.01800600082915438,1,1,False,False,True,False,False,False,False,True,False,True,False,False,True,0.17088758739006582
563,0,0.3465694898215632,0.026350245115835676,1,1,False,False,True,False,False,False,True,False,False,True,False,False,True,0.13637147558676976
100,0,0.42196531791907516,0.050748620223090936,2,0,False,False,True,False,False,False,True,False,False,True,False,False,True,0.10789142699330445
506,0,0.22090977632570996,0.2125586439344078,2,0,False,False,True,False,False,True,False,False,False,True,True,False,False,0.1626169393448913
165,0,0.007288263382759489,0.07746484096553544,6,0,True,False,False,False,False,False,False,True,False,True,False,False,True,0.0902897700544083
381,1,0.5224930887157577,0.4440992237022602,1,1,False,True,False,False,False,True,False,False,True,False,True,False,False,0.11816482762165625
334,0,0.19577783362653933,0.03513366015444757,3,0,False,False,True,False,False,False,False,True,False,True,False,False,True,0.11607264050691624
884,0,0.3465694898215632,0.020494635090094415,1,1,False,False,True,False,False,False,True,False,False,True,False,False,True,0.10410858198457384
41,0,0.4973611460165871,0.018493968331299484,2,0,False,False,False,True,False,False,False,True,True,False,False,False,True,0.12203823484477883
373,0,0.23347574767529528,0.015712553569072387,1,1,False,False,True,False,False,False,False,True,False,True,False,False,True,0.0944429607559284
263,0,0.648152802211611,0.1554664461834305,3,0,False,False,True,False,False,True,False,False,False,True,False,False,True,0.14008401523652403
791,0,0.35913546117114853,0.015126992566498259,1,1,False,False,True,False,False,False,False,True,False,True,False,True,False,0.1533514031160802
210,1,0.4973611460165871,0.060507970265993034,1,1,False,False,True,False,False,True,False,False,False,True,True,False,False,0.16080805141749865
731,1,0.35913546117114853,0.41250332793836464,1,1,False,True,False,False,False,True,False,False,True,False,False,False,True,0.16426579793099294
761,0,0.35913546117114853,0.028302115124416098,1,1,False,False,True,False,False,False,False,True,False,True,False,False,True,0.15167487973275118
867,1,0.33400351847197784,0.027049600139910042,2,0,False,True,False,False,False,False,True,False,True,False,True,False,False,0.1552402459307125
751,1,0.04498617743151546,0.04489301019734967,3,0,False,True,False,False,False,False,True,False,True,False,False,False,True,0.11689804070836407
388,1,0.4470972606182458,0.025374310111545468,1,1,False,True,False,False,False,False,True,False,True,False,False,False,True,0.17743954377972282
153,0,0.6921337019351596,0.015712553569072387,1,1,False,False,True,False,False,False,False,True,False,True,False,False,True,0.1448948720912231
773,0,0.7109826589595376,0.020494635090094415,1,1,False,False,False,True,False,False,True,False,True,False,False,False,True,0.12748866233198242
112,0,0.17692887660216136,0.028212719478023115,2,0,False,True,False,False,False,False,False,True,True,False,True,False,False,0.16122128725400442
180,0,0.4470972606182458,0.0,1,1,False,False,True,False,False,False,False,True,False,True,False,False,True,0.13752094414599325
635,0,0.10781603417944208,0.05445717323939373,6,0,False,True,False,False,False,False,False,True,True,False,False,False,True,0.10717201133977605
645,1,0.004146770545363157,0.03758969818624431,4,0,False,True,False,False,False,False,False,True,True,False,True,False,False,0.11976213181925122
589,0,0.2711736617240513,0.015712553569072387,1,1,False,False,True,False,False,False,False,True,False,True,False,False,True,0.12804583895777244
557,1,0.5978889168132696,0.07729405233978466,2,0,False,False,False,False,True,True,False,False,True,False,True,False,False,0.13401522845064073
207,0,0.39683337521990447,0.030937139635999665,2,0,False,False,True,False,False,False,False,True,False,True,False,False,True,0.1014715428660321
588,1,0.7486805730082935,0.15458810467956932,3,0,False,False,True,False,False,True,False,False,False,True,True,False,False,0.12887972191064923
38,0,0.2586076903744659,0.015712553569072387,1,1,False,False,True,False,False,False,False,True,False,True,False,False,True,0.09767211400638387
577,1,0.42196531791907516,0.025374310111545468,1,1,False,True,False,False,False,False,True,False,True,False,False,False,True,0.14707348092903794
590,0,0.35913546117114853,0.015712553569072387,1,1,False,False,True,False,False,False,False,True,False,True,False,False,True,0.15190269351229435
5,0,0.43453128926866047,0.015712553569072387,1,1,False,False,True,False,False,False,False,True,False,True,False,False,True,0.15601864044243652
182,0,0.35913546117114853,0.02937564362913533,1,1,False,False,True,False,False,False,True,False,False,True,True,False,False,0.11347352124058907
401,1,0.4847951746670017,0.015468569817999833,1,1,False,False,True,False,False,False,False,True,False,True,False,False,True,0.10312386883593261
833,0,0.35913546117114853,0.014110458666029575,1,1,False,False,True,False,False,False,False,True,False,True,True,False,False,0.14085702037979986
889,0,0.35913546117114853,0.04577135170121086,4,0,False,True,False,False,False,False,False,True,True,False,False,False,True,0.09944139275934516
665,1,0.24604171902488062,0.015468569817999833,2,0,False,False,True,False,False,False,False,True,False,True,False,False,True,0.10178247262040374
430,1,0.39683337521990447,0.015712553569072387,1,1,False,False,True,False,False,False,False,True,False,True,False,False,True,0.11706701642760586
460,0,0.35913546117114853,0.015126992566498259,1,1,False,False,True,False,False,False,False,True,False,True,False,True,False,0.11881791626807192
67,1,0.35913546117114853,0.020494635090094415,1,1,False,False,False,True,False,False,True,False,True,False,False,False,True,0.14092422497476265
295,0,0.2963056044232219,0.015411575213749284,1,1,False,False,True,False,False,False,False,True,False,True,False,False,True,0.12706051265188478
605,1,0.43453128926866047,0.051822148727810165,1,1,False,False,True,False,False,True,False,False,False,True,True,False,False,0.12063587110060081
771,0,0.2963056044232219,0.018542765081513996,1,1,False,False,True,False,False,False,False,True,False,True,False,False,True,0.11063173695520723
813,0,0.43453128926866047,0.020494635090094415,1,1,False,False,True,False,False,False,True,False,False,True,False,False,True,0.12466268120326685
223,0,0.6355868308620256,0.015712553569072387,1,1,False,False,True,False,False,False,False,True,False,True,False,False,True,0.09367476782809248
695,0,0.7486805730082935,0.051822148727810165,1,1,False,False,False,False,True,True,False,False,False,True,False,False,True,0.11483682473920354
520,0,0.39683337521990447,0.015411575213749284,1,1,False,False,True,False,False,False,False,True,False,True,False,False,True,0.15041689110352818
434,0,0.20834380497612465,0.013907073811135496,1,1,False,False,True,False,False,False,False,True,False,True,False,False,True,0.10112267612279024
755,1,0.5978889168132696,0.12687155055772734,4,0,False,False,False,True,False,False,True,False,True,False,False,False,True,0.13927207266338726
340,0,0.5601910027645137,0.06929138530460492,1,1,False,False,True,False,False,True,False,False,False,True,False,False,True,0.09783416065100148
540,1,0.2711736617240513,0.09661756542473081,3,0,False,True,False,False,False,True,False,False,True,False,True,False,False,0.12915941515149498
845,0,0.20834380497612465,0.016908073949327893,1,1,False,False,True,False,False,False,False,True,False,True,False,False,True,0.14866272775311296
319,1,0.38426740387031916,0.32179836714362564,3,0,False,True,False,False,False,True,False,False,True,False,False,False,True,0.15643704267108605
690,1,0.18321186227695402,0.41250332793836464,2,0,False,True,False,False,False,True,False,False,True,False,False,False,True,0.18704374855752337
598,0,0.610454888162855,0.0,1,1,False,False,True,False,False,False,False,True,False,True,False,False,True,0.17231987120162984
699,0,0.610454888162855,0.21642978772242535,3,0,False,False,True,False,False,True,False,False,False,True,True,False,False,0.1543627152742023
354,0,0.3088715757728072,0.034743286152731485,2,0,False,False,True,False,False,False,False,True,False,True,False,False,True,0.1629344270814297
668,0,0.35913546117114853,0.015175789316712771,1,1,False,False,True,False,False,False,False,True,False,True,False,False,True,0.16068137325955567
16,1,0.6858507162603669,0.03122992013728673,1,1,False,False,False,True,False,False,True,False,True,False,False,False,True,0.18340450985343382
677,0,0.3025885900980146,0.015712553569072387,1,1,False,False,True,False,False,False,False,True,False,True,False,False,True,0.11203890216805235
843,1,0.37170143252073384,0.060507970265993034,1,1,False,True,False,False,False,True,False,False,True,False,True,False,False,0.17803596686975143
656,0,0.2963056044232219,0.1434624456306609,3,0,False,False,True,False,False,False,True,False,False,True,False,False,True,0.12758030279556376
727,1,0.37170143252073384,0.04098927018018883,4,0,False,False,False,True,False,False,True,False,True,False,False,False,True,0.1397723766262895
666,0,0.39683337521990447,0.1434624456306609,3,0,False,False,True,False,False,False,True,False,False,True,False,False,True,0.15285913918433203
810,1,0.4093993465694898,0.10364429745562033,2,0,False,False,False,True,False,True,False,False,True,False,False,False,True,0.11323804584075525
203,0,0.42196531791907516,0.012678957201736696,1,1,False,False,True,False,False,False,False,True,False,True,False,False,True,0.16162871409461377
876,1,0.18321186227695402,0.014102260811993537,1,1,False,True,False,False,False,False,False,True,True,False,True,False,False,0.15615259736619036
124,1,0.40311636089469716,0.025374310111545468,1,1,False,True,False,False,False,False,True,False,True,False,False,False,True,0.11005192452767676
591,0,0.43453128926866047,0.013907073811135496,1,1,False,False,True,False,False,False,False,True,False,True,False,False,True,0.13882717264941014
671,1,0.4973611460165871,0.0761229303346364,3,0,False,False,False,True,False,False,True,False,True,False,False,False,True,0.17337359529475482
547,1,0.23347574767529528,0.050748620223090936,2,0,False,False,False,True,False,False,True,False,True,False,False,False,True,0.11355759219962902
461,1,0.5978889168132696,0.051822148727810165,1,1,False,False,True,False,False,True,False,False,False,True,False,False,True,0.11752624677710488
802,1,0.38426740387031916,0.05123658772523604,3,0,False,False,False,True,False,False,True,False,True,False,False,False,True,0.15253904291426135
776,0,0.22090977632570996,0.015126992566498259,1,1,False,False,True,False,False,False,False,True,False,True,False,False,True,0.14991742734877378
704,0,0.3088715757728072,0.01511079204542704,1,1,False,False,True,False,False,False,False,True,False,True,False,True,False,0.13441467693897424
423,0,0.35913546117114853,0.015370976317570811,1,1,False,False,True,False,False,False,False,True,False,True,False,False,True,0.09120610304869037
255,0,0.5099271173661724,0.039452172548431745,3,0,False,False,False,True,False,False,False,True,True,False,False,False,True,0.1694927466860925
133,0,0.5853229454636844,0.028302115124416098,2,0,False,False,False,True,False,False,False,True,True,False,False,False,True,0.1198653673336828
410,0,0.35913546117114853,0.04970768794751499,5,0,False,True,False,False,False,False,False,True,True,False,False,False,True,0.09128667678613356
719,0,0.35913546117114853,0.030253985132996517,1,1,False,False,True,False,False,False,False,True,False,True,False,True,False,0.12429722348554473
32,1,0.35913546117114853,0.2859895551532101,2,0,False,False,False,True,False,True,False,False,True,False,True,False,False,0.17052412368729153
431,1,0.3465694898215632,0.051822148727810165,1,1,False,False,True,False,False,True,False,False,False,True,False,False,True,0.14299168205283586
601,1,0.2963056044232219,0.05270049023167135,4,0,False,False,False,True,False,False,True,False,True,False,False,False,True,0.16893506307216455
91,0,0.35913546117114853,0.015712553569072387,1,1,False,False,True,False,False,False,False,True,False,True,False,False,True,0.1195942459383017
80,1,0.37170143252073384,0.024349578357040744,1,1,False,True,False,False,False,False,False,True,True,False,False,False,True,0.11586905952512971
22,1,0.42196531791907516,0.025374310111545468,1,1,False,False,True,False,False,False,True,False,False,True,False,False,True,0.13949386065204183
455,0,0.35913546117114853,0.015712553569072387,1,1,False,False,True,False,False,False,False,True,False,True,False,False,True,0.11119748230615134
730,0,0.3088715757728072,0.015468569817999833,2,0,False,True,False,False,False,False,False,True,True,False,False,False,True,0.1636559428657045
